{
  "generated_at": "2025-08-05T16:38:29.211128",
  "data_period": "180 days",
  "total_records": 180,
  "most_frequent_jodis": {
    "65": 6,
    "93": 6,
    "44": 6,
    "47": 5,
    "43": 5,
    "78": 4,
    "35": 4,
    "45": 4,
    "21": 4,
    "53": 4
  },
  "day_wise_patterns": {
    "0": 58.03846153846154,
    "1": 59.73076923076923,
    "2": 55.16,
    "3": 55.92,
    "4": 44.23076923076923,
    "5": 58.92307692307692,
    "6": 53.69230769230769
  },
  "monthly_patterns": {
    "2": 51.22727272727273,
    "3": 65.29032258064517,
    "4": 49.833333333333336,
    "5": 58.32258064516129,
    "6": 55.7,
    "7": 50.70967741935484,
    "8": 44.0
  },
  "statistics": {
    "jodi_mean": 55.09444444444444,
    "jodi_std": 25.742753435447366,
    "open_pana_mean": 551.9833333333333,
    "close_pana_mean": 581.6055555555556
  }
}